{
  "n_human": 1,
  "n_ai": 82,
  "auc": 0.5,
  "threshold": 0.55,
  "confusion_matrix_labels": [
    "ai(0)",
    "human(1)"
  ],
  "confusion_matrix": [
    [
      82,
      0
    ],
    [
      1,
      0
    ]
  ],
  "report": {
    "ai": {
      "precision": 0.9879518072289156,
      "recall": 1.0,
      "f1-score": 0.9939393939393939,
      "support": 82.0
    },
    "human": {
      "precision": 0.0,
      "recall": 0.0,
      "f1-score": 0.0,
      "support": 1.0
    },
    "accuracy": 0.9879518072289156,
    "macro avg": {
      "precision": 0.4939759036144578,
      "recall": 0.5,
      "f1-score": 0.49696969696969695,
      "support": 83.0
    },
    "weighted avg": {
      "precision": 0.9760487734068805,
      "recall": 0.9879518072289156,
      "f1-score": 0.9819642205184373,
      "support": 83.0
    }
  },
  "scores_summary": {
    "human_mean": 0.37499999999999994,
    "ai_mean": 0.37499999999999994
  }
}